id,seq_region_name,start,end,strand,vf_allele,Location,coordinate,Gene,Transcript,Exon
rs1649449471,1,119925642,119925642,1,A,1:119925642,1:119925642:G>A,ENSG00000134250,ENST00000256646,ENSE00000913345
rs1553193977,1,119920363,119920363,1,-,1:119920363,1:119920363:T>-,ENSG00000134250,ENST00000256646,ENSE00000913350
rs927740391,1,119919429,119919429,1,TT,1:119919429,1:119919429:T>TT,ENSG00000134250,ENST00000256646,ENSE00000913351
rs387906749,1,119915557,119915557,1,A,1:119915557,1:119915557:G>A,ENSG00000134250,ENST00000256646,ENSE00001123152
rs1557801639,1,119915603,119915603,1,C,1:119915603,1:119915603:A>C,ENSG00000134250,ENST00000256646,ENSE00001123152
rs1553193485,1,119915644,119915644,1,A,1:119915644,1:119915644:G>A,ENSG00000134250,ENST00000256646,ENSE00001123152
rs387906747,1,119915773,119915773,1,A,1:119915773,1:119915773:G>A,ENSG00000134250,ENST00000256646,ENSE00001123152
rs1570654979,1,119915802,119915804,1,A,1:119915802,1:119915802:AAA>A,ENSG00000134250,ENST00000256646,ENSE00001123152
rs771237928,1,119915813,119915818,1,GGGGG,1:119915813,1:119915813:GGGGGG>GGGGG,ENSG00000134250,ENST00000256646,ENSE00001123152
rs387906748,1,119915827,119915827,1,A,1:119915827,1:119915827:C>A,ENSG00000134250,ENST00000256646,ENSE00001123152
rs387906746,1,119916100,119916100,1,A,1:119916100,1:119916100:G>A,ENSG00000134250,ENST00000256646,ENSE00001123152
rs1557802165,1,119916219,119916220,1,G,1:119916219,1:119916219:GG>G,ENSG00000134250,ENST00000256646,ENSE00001123152
rs1553193574,1,119916272,119916273,1,-,1:119916272,1:119916272:AG>-,ENSG00000134250,ENST00000256646,ENSE00001123152
rs1649066485,1,119916296,119916295,1,AA,1:119916296,1:119916296:->AA,ENSG00000134250,ENST00000256646,ENSE00001123152
rs1557802353,1,119916450,119916452,1,AA,1:119916450,1:119916450:AAA>AA,ENSG00000134250,ENST00000256646,ENSE00001123152
rs771237928,1,119915813,119915818,1,GGGGGGG,1:119915813,1:119915813:GGGGGG>GGGGGGG,ENSG00000134250,ENST00000256646,ENSE00001123152
