transcriptID	chromosome	transcript_biotype	variantID	vcfID	DNA_change	cDNA_change	protein_change	reading_frame	protein_prefix_length	start_missing	start_lost	splice_site_affected
ENST00000256646	1	protein_coding	HCS__chr1_ENST00000256646_0	VCV002118969	119915317:C>T	7660:G>A	2468:V>2468:I	1	85	True	False	
ENST00000256646	1	protein_coding	HCS__chr1_ENST00000256646_1	VCV001964735	119915320:G>T	7657:C>A	2467:Q>2467:K	1	85	True	False	
ENST00000256646	1	protein_coding	HCS__chr1_ENST00000256646_2	rs139658777	119915345:C>T	7632:G>A	2458:M>2458:I	1	85	True	False	
ENST00000256646	1	protein_coding	HCS__chr1_ENST00000256646_3	rs145366664	119915364:C>T	7613:G>A	2452:R>2452:Q	1	85	True	False	
ENST00000256646	1	protein_coding	HCS__chr1_ENST00000256646_4	rs1352825600	119915366:C>A	7611:G>T	2451:Q>2451:H	1	85	True	False	
ENST00000256646	1	protein_coding	HCS__chr1_ENST00000256646_5	rs764210725	119915380:C>A	7597:G>T	2447:A>2447:S	1	85	True	False	
ENST00000256646	1	protein_coding	HCS__chr1_ENST00000256646_6	VCV001424925	119915386:C>G	7591:G>C	2445:G>2445:R	1	85	True	False	
ENST00000256646	1	protein_coding	HCS__chr1_ENST00000256646_7	rs1649029477	119915442:C>G	7535:G>C	2426:S>2426:T	1	85	True	False	
ENST00000256646	1	protein_coding	HCS__chr1_ENST00000256646_8	VCV001930385	119915453:G>T	7524:C>A	2422:D>2422:E	1	85	True	False	
ENST00000256646	1	protein_coding	HCS__chr1_ENST00000256646_9	rs35586704	119915499:A>G	7478:T>C	2407:L>2407:P	1	85	True	False	
ENST00000256646	1	protein_coding	HCS__chr1_ENST00000256646_a	rs35586704	119915499:A>T	7478:T>A	2407:L>2407:H	1	85	True	False	
ENST00000256646	1	protein_coding	HCS__chr1_ENST00000256646_b	rs761965953	119915505:C>A	7472:G>T	2405:G>2405:V	1	85	True	False	
ENST00000256646	1	protein_coding	HCS__chr1_ENST00000256646_c	rs587654671	119915523:C>T	7454:G>A	2399:R>2399:Q	1	85	True	False	
ENST00000256646	1	protein_coding	HCS__chr1_ENST00000256646_d	rs1325403451	119915524:G>A	7453:C>T	2399:R>2399:*	1	85	True	False	
ENST00000256646	1	protein_coding	HCS__chr1_ENST00000256646_e	rs143197714	119915532:G>C	7445:C>G	2396:A>2396:G	1	85	True	False	
ENST00000256646	1	protein_coding	HCS__chr1_ENST00000256646_f	rs387906749	119915557:G>A	7420:C>T	2388:Q>2388:*	1	85	True	False	
ENST00000256646	1	protein_coding	HCS__chr1_ENST00000256646_10	VCV002096763	119915563:G>T	7414:C>A	2386:P>2386:T	1	85	True	False	
ENST00000256646	1	protein_coding	HCS__chr1_ENST00000256646_11	rs139595218	119915586:G>A	7391:C>T	2378:S>2378:F	1	85	True	False	
ENST00000256646	1	protein_coding	HCS__chr1_ENST00000256646_12	rs367757908	119915592:G>A	7385:C>T	2376:P>2376:L	1	85	True	False	
ENST00000256646	1	protein_coding	HCS__chr1_ENST00000256646_13	VCV002050244	119915593:G>T	7384:C>A	2376:P>2376:T	1	85	True	False	
ENST00000256646	1	protein_coding	HCS__chr1_ENST00000256646_14	VCV002138836	119915596:A>G	7381:T>C	2375:F>2375:L	1	85	True	False	
ENST00000256646	1	protein_coding	HCS__chr1_ENST00000256646_15	rs1557801639	119915603:A>C	7374:T>G	2372:Y>2372:*	1	85	True	False	
ENST00000256646	1	protein_coding	HCS__chr1_ENST00000256646_16	rs765404709	119915608:C>T	7369:G>A	2371:A>2371:T	1	85	True	False	
ENST00000256646	1	protein_coding	HCS__chr1_ENST00000256646_17	VCV002127842	119915623:G>A	7354:C>T	2366:Q>2366:*	1	85	True	False	
ENST00000256646	1	protein_coding	HCS__chr1_ENST00000256646_18	rs766636607	119915625:G>A	7352:C>T	2365:A>2365:V	1	85	True	False	
ENST00000256646	1	protein_coding	HCS__chr1_ENST00000256646_19	rs1553193485	119915644:G>A	7333:C>T	2359:Q>2359:*	1	85	True	False	
ENST00000256646	1	protein_coding	HCS__chr1_ENST00000256646_1a	rs75831573	119915647:G>A	7330:C>T	2358:P>2358:S	1	85	True	False	
ENST00000256646	1	protein_coding	HCS__chr1_ENST00000256646_1b	rs75831573	119915647:G>C	7330:C>G	2358:P>2358:A	1	85	True	False	
ENST00000256646	1	protein_coding	HCS__chr1_ENST00000256646_1c	rs763117840	119915650:T>C	7327:A>G	2357:M>2357:V	1	85	True	False	
ENST00000256646	1	protein_coding	HCS__chr1_ENST00000256646_1d	VCV001913961	119915652:A>G	7325:T>C	2356:M>2356:T	1	85	True	False	
ENST00000256646	1	protein_coding	HCS__chr1_ENST00000256646_1e	rs1378776407	119915653:T>C	7324:A>G	2356:M>2356:V	1	85	True	False	
ENST00000256646	1	protein_coding	HCS__chr1_ENST00000256646_1f	VCV001967066	119915667:G>A	7310:C>T	2351:A>2351:V	1	85	True	False	
ENST00000256646	1	protein_coding	HCS__chr1_ENST00000256646_20	VCV002581458	119915676:G>A	7301:C>T	2348:P>2348:L	1	85	True	False	
ENST00000256646	1	protein_coding	HCS__chr1_ENST00000256646_21	rs201993620	119915682:C>T	7295:G>A	2346:R>2346:H	1	85	True	False	
ENST00000256646	1	protein_coding	HCS__chr1_ENST00000256646_22	VCV001992457	119915692:C>A	7285:G>T	2343:E>2343:*	1	85	True	False	
ENST00000256646	1	protein_coding	HCS__chr1_ENST00000256646_23	rs766624616	119915706:A>G	7271:T>C	2338:M>2338:T	1	85	True	False	
ENST00000256646	1	protein_coding	HCS__chr1_ENST00000256646_24	rs143506822	119915725:C>G	7252:G>C	2332:A>2332:P	1	85	True	False	
ENST00000256646	1	protein_coding	HCS__chr1_ENST00000256646_25	rs143506822	119915725:C>T	7252:G>A	2332:A>2332:T	1	85	True	False	
ENST00000256646	1	protein_coding	HCS__chr1_ENST00000256646_26	rs1278379367	119915737:G>A	7240:C>T	2328:P>2328:S	1	85	True	False	
ENST00000256646	1	protein_coding	HCS__chr1_ENST00000256646_27	rs757922369	119915740:A>G	7237:T>C	2327:C>2327:R	1	85	True	False	
ENST00000256646	1	protein_coding	HCS__chr1_ENST00000256646_28	rs587778578	119915743:T>C	7234:A>G	2326:T>2326:A	1	85	True	False	
ENST00000256646	1	protein_coding	HCS__chr1_ENST00000256646_29	rs373527990	119915766:G>T	7211:C>A	2318:A>2318:E	1	85	True	False	
ENST00000256646	1	protein_coding	HCS__chr1_ENST00000256646_2a	rs373527990	119915766:G>A	7211:C>T	2318:A>2318:V	1	85	True	False	
ENST00000256646	1	protein_coding	HCS__chr1_ENST00000256646_2b	rs387906747	119915773:G>A	7204:C>T	2316:Q>2316:*	1	85	True	False	
ENST00000256646	1	protein_coding	HCS__chr1_ENST00000256646_2c	rs376191548	119915798:C>G	7179:G>C	2307:Q>2307:H	1	85	True	False	
ENST00000256646	1	protein_coding	HCS__chr1_ENST00000256646_2d	rs376191548	119915798:C>T	7179:G>A	2307:Q>2307:Q	1	85	True	False	
ENST00000256646	1	protein_coding	HCS__chr1_ENST00000256646_2e	rs1570654979	119915802:AAA>A	7173:TTT>T	2305:TF>2305:T(+fs)	1	85	True	False	
ENST00000256646	1	protein_coding	HCS__chr1_ENST00000256646_2f	rs1557801809	119915806:T>A	7171:A>T	2305:T>2305:S	1	85	True	False	
ENST00000256646	1	protein_coding	HCS__chr1_ENST00000256646_31	rs1370844431	119915811:A>G	7166:T>C	2303:I>2303:T	1	85	True	False	
ENST00000256646	1	protein_coding	HCS__chr1_ENST00000256646_32	VCV001519462	119915812:T>G	7165:A>C	2303:I>2303:L	1	85	True	False	
ENST00000256646	1	protein_coding	HCS__chr1_ENST00000256646_33	rs771237928	119915813:GGGGGG>GGGGG	7159:CCCCCC>CCCCC	2301:PP>2301:PP(+fs)	1	85	True	False	
ENST00000256646	1	protein_coding	HCS__chr1_ENST00000256646_34	rs771237928	119915813:GGGGGG>GGGGGGG	7159:CCCCCC>CCCCCCC	2301:PP>2301:PPH(+fs)	1	85	True	False	
ENST00000256646	1	protein_coding	HCS__chr1_ENST00000256646_35	rs1443569299	119915814:G>T	7163:C>A	2302:P>2302:H	1	85	True	False	
ENST00000256646	1	protein_coding	HCS__chr1_ENST00000256646_36	rs764669567	119915818:G>C	7159:C>G	2301:P>2301:A	1	85	True	False	
ENST00000256646	1	protein_coding	HCS__chr1_ENST00000256646_37	rs765911576	119915824:G>A	7153:C>T	2299:P>2299:S	1	85	True	False	
ENST00000256646	1	protein_coding	HCS__chr1_ENST00000256646_38	rs387906748	119915827:C>A	7150:G>T	2298:E>2298:*	1	85	True	False	
ENST00000256646	1	protein_coding	HCS__chr1_ENST00000256646_39	rs140832430	119915829:C>T	7148:G>A	2297:R>2297:Q	1	85	True	False	
ENST00000256646	1	protein_coding	HCS__chr1_ENST00000256646_3a	rs780904023	119915844:T>G	7133:A>C	2292:H>2292:P	1	85	True	False	
ENST00000256646	1	protein_coding	HCS__chr1_ENST00000256646_3b	VCV001487737	119915851:C>T	7126:G>A	2290:G>2290:R	1	85	True	False	
ENST00000256646	1	protein_coding	HCS__chr1_ENST00000256646_3c	rs141878560	119915854:C>T	7123:G>A	2289:E>2289:K	1	85	True	False	
ENST00000256646	1	protein_coding	HCS__chr1_ENST00000256646_3d	rs1553193507	119915869:G>A	7108:C>T	2284:Q>2284:*	1	85	True	False	
ENST00000256646	1	protein_coding	HCS__chr1_ENST00000256646_3e	VCV001685986	119915890:T>TT	7087:A>AA	2277:T>2277:N(+fs)	1	85	True	False	
ENST00000256646	1	protein_coding	HCS__chr1_ENST00000256646_3f	rs761134514	119915905:C>G	7072:G>C	2272:A>2272:P	1	85	True	False	
ENST00000256646	1	protein_coding	HCS__chr1_ENST00000256646_40	rs145628676	119915914:T>C	7063:A>G	2269:M>2269:V	1	85	True	False	
ENST00000256646	1	protein_coding	HCS__chr1_ENST00000256646_41	VCV001473714	119915920:A>T	7057:T>A	2267:F>2267:I	1	85	True	False	
ENST00000256646	1	protein_coding	HCS__chr1_ENST00000256646_42	rs148759277	119915955:C>T	7022:G>A	2255:R>2255:H	1	85	True	False	
ENST00000256646	1	protein_coding	HCS__chr1_ENST00000256646_43	rs147522485	119915956:G>A	7021:C>T	2255:R>2255:C	1	85	True	False	
ENST00000256646	1	protein_coding	HCS__chr1_ENST00000256646_44	VCV002087413	119915971:C>T	7006:G>A	2250:A>2250:T	1	85	True	False	
ENST00000256646	1	protein_coding	HCS__chr1_ENST00000256646_45	rs369394477	119916011:A>G	6966:T>C	2236:S>2236:S	1	85	True	False	
ENST00000256646	1	protein_coding	HCS__chr1_ENST00000256646_46	VCV001951980	119916012:C>G	6965:G>C	2236:S>2236:T	1	85	True	False	
ENST00000256646	1	protein_coding	HCS__chr1_ENST00000256646_47	VCV002090333	119916032:A>C	6945:T>G	2229:I>2229:M	1	85	True	False	
ENST00000256646	1	protein_coding	HCS__chr1_ENST00000256646_48	rs1557802029	119916037:G>A	6940:C>T	2228:H>2228:Y	1	85	True	False	
ENST00000256646	1	protein_coding	HCS__chr1_ENST00000256646_49	VCV002190952	119916051:A>G	6926:T>C	2223:L>2223:S	1	85	True	False	
ENST00000256646	1	protein_coding	HCS__chr1_ENST00000256646_4a	VCV001805545	119916055:G>A	6922:C>T	2222:Q>2222:*	1	85	True	False	
ENST00000256646	1	protein_coding	HCS__chr1_ENST00000256646_4b	rs898248472	119916061:C>G	6916:G>C	2220:V>2220:L	1	85	True	False	
ENST00000256646	1	protein_coding	HCS__chr1_ENST00000256646_4c	VCV002048111	119916082:C>T	6895:G>A	2213:A>2213:T	1	85	True	False	
ENST00000256646	1	protein_coding	HCS__chr1_ENST00000256646_4d	VCV001716585	119916082:C>A	6895:G>T	2213:A>2213:S	1	85	True	False	
ENST00000256646	1	protein_coding	HCS__chr1_ENST00000256646_4e	rs387906746	119916100:G>A	6877:C>T	2207:Q>2207:*	1	85	True	False	
ENST00000256646	1	protein_coding	HCS__chr1_ENST00000256646_4f	VCV001695778	119916104:T>G	6873:A>C	2205:E>2205:D	1	85	True	False	
ENST00000256646	1	protein_coding	HCS__chr1_ENST00000256646_50	VCV001426609	119916115:T>G	6862:A>C	2202:N>2202:H	1	85	True	False	
ENST00000256646	1	protein_coding	HCS__chr1_ENST00000256646_51	rs753593465	119916134:C>G	6843:G>C	2195:Q>2195:H	1	85	True	False	
ENST00000256646	1	protein_coding	HCS__chr1_ENST00000256646_52	VCV001329467	119916136:G>A	6841:C>T	2195:Q>2195:*	1	85	True	False	
ENST00000256646	1	protein_coding	HCS__chr1_ENST00000256646_53	rs139052054	119916160:C>T	6817:G>A	2187:A>2187:T	1	85	True	False	
ENST00000256646	1	protein_coding	HCS__chr1_ENST00000256646_54	rs369014328	119916168:G>A	6809:C>T	2184:A>2184:V	1	85	True	False	
ENST00000256646	1	protein_coding	HCS__chr1_ENST00000256646_55	rs748538625	119916175:T>C	6802:A>G	2182:M>2182:V	1	85	True	False	
ENST00000256646	1	protein_coding	HCS__chr1_ENST00000256646_56	VCV002014305	119916201:C>G	6776:G>C	2173:G>2173:A	1	85	True	False	
ENST00000256646	1	protein_coding	HCS__chr1_ENST00000256646_57	rs1204320422	119916210:G>A	6767:C>T	2170:T>2170:I	1	85	True	False	
ENST00000256646	1	protein_coding	HCS__chr1_ENST00000256646_58	rs760320928	119916217:T>C	6760:A>G	2168:M>2168:V	1	85	True	False	
ENST00000256646	1	protein_coding	HCS__chr1_ENST00000256646_59	rs1557802165	119916219:GG>G	6757:CC>C	2167:P>2167:Q(+fs)	1	85	True	False	
ENST00000256646	1	protein_coding	HCS__chr1_ENST00000256646_5a	rs1470762283	119916241:C>T	6736:G>A	2160:V>2160:I	1	85	True	False	
ENST00000256646	1	protein_coding	HCS__chr1_ENST00000256646_5b	rs35216058	119916243:T>C	6734:A>G	2159:Y>2159:C	1	85	True	False	
ENST00000256646	1	protein_coding	HCS__chr1_ENST00000256646_5c	rs755184344	119916246:G>A	6731:C>T	2158:T>2158:M	1	85	True	False	
ENST00000256646	1	protein_coding	HCS__chr1_ENST00000256646_5d	VCV001515983	119916248:G>T	6729:C>A	2157:H>2157:Q	1	85	True	False	
ENST00000256646	1	protein_coding	HCS__chr1_ENST00000256646_5e	rs587640708	119916253:G>T	6724:C>A	2156:P>2156:T	1	85	True	False	
ENST00000256646	1	protein_coding	HCS__chr1_ENST00000256646_5f	rs1553193574	119916272:AG>-	6704:CT>	2149:P>2149:R(+fs)	1	85	True	False	
ENST00000256646	1	protein_coding	HCS__chr1_ENST00000256646_60	rs1649066485	119916296:->AA	6682:>TT	2142:->2142:L(+fs)	1	85	True	False	
ENST00000256646	1	protein_coding	HCS__chr1_ENST00000256646_61	VCV001484826	119916318:A>G	6659:T>C	2134:L>2134:P	1	85	True	False	
ENST00000256646	1	protein_coding	HCS__chr1_ENST00000256646_62	rs144047610	119916359:C>G	6618:G>C	2120:K>2120:N	1	85	True	False	
ENST00000256646	1	protein_coding	HCS__chr1_ENST00000256646_63	rs144047610	119916359:C>T	6618:G>A	2120:K>2120:K	1	85	True	False	
ENST00000256646	1	protein_coding	HCS__chr1_ENST00000256646_64	rs148393324	119916360:T>C	6617:A>G	2120:K>2120:R	1	85	True	False	
ENST00000256646	1	protein_coding	HCS__chr1_ENST00000256646_65	rs34891988	119916379:T>C	6598:A>G	2114:S>2114:G	1	85	True	False	
ENST00000256646	1	protein_coding	HCS__chr1_ENST00000256646_66	rs767621140	119916384:G>A	6593:C>T	2112:P>2112:L	1	85	True	False	
ENST00000256646	1	protein_coding	HCS__chr1_ENST00000256646_67	rs1237418902	119916388:T>C	6589:A>G	2111:M>2111:V	1	85	True	False	
ENST00000256646	1	protein_coding	HCS__chr1_ENST00000256646_68	rs752915446	119916391:T>C	6586:A>G	2110:T>2110:A	1	85	True	False	
ENST00000256646	1	protein_coding	HCS__chr1_ENST00000256646_69	rs1031665170	119916402:C>T	6575:G>A	2106:S>2106:N	1	85	True	False	
ENST00000256646	1	protein_coding	HCS__chr1_ENST00000256646_6a	rs587650529	119916408:C>T	6569:G>A	2104:R>2104:Q	1	85	True	False	
ENST00000256646	1	protein_coding	HCS__chr1_ENST00000256646_6b	rs372538600	119916409:G>A	6568:C>T	2104:R>2104:W	1	85	True	False	
ENST00000256646	1	protein_coding	HCS__chr1_ENST00000256646_6c	rs757743077	119916412:T>C	6565:A>G	2103:R>2103:G	1	85	True	False	
ENST00000256646	1	protein_coding	HCS__chr1_ENST00000256646_6d	rs779311707	119916415:A>T	6562:T>A	2102:S>2102:T	1	85	True	False	
ENST00000256646	1	protein_coding	HCS__chr1_ENST00000256646_6e	VCV001993068	119916448:GG>G	6528:CC>C	2090:FL>2090:F(+fs)	1	85	True	False	
ENST00000256646	1	protein_coding	HCS__chr1_ENST00000256646_6f	rs1557802353	119916450:AAA>AA	6525:TTT>TT	2089:SF>2089:SS(+fs)	1	85	True	False	
ENST00000256646	1	protein_coding	HCS__chr1_ENST00000256646_70	VCV001716167	119916453:G>C	6524:C>G	2089:S>2089:C	1	85	True	False	
ENST00000256646	1	protein_coding	HCS__chr1_ENST00000256646_71	rs769574168	119916458:G>T	6519:C>A	2087:N>2087:K	1	85	True	False	
ENST00000256646	1	protein_coding	HCS__chr1_ENST00000256646_72	rs757880322	119916471:A>T	6506:T>A	2083:I>2083:N	1	85	True	False	
ENST00000256646	1	protein_coding	HCS__chr1_ENST00000256646_73	rs1319173927	119916484:G>C	6493:C>G	2079:L>2079:V	1	85	True	False	
ENST00000256646	1	protein_coding	HCS__chr1_ENST00000256646_74	rs150516342	119916499:C>G	6478:G>C	2074:V>2074:L	1	85	True	False	
ENST00000256646	1	protein_coding	HCS__chr1_ENST00000256646_75	rs150516342	119916499:C>T	6478:G>A	2074:V>2074:M	1	85	True	False	
ENST00000256646	1	protein_coding	HCS__chr1_ENST00000256646_77	rs113023165	119916543:C>T	6434:G>A	2059:R>2059:H	1	85	True	False	
ENST00000256646	1	protein_coding	HCS__chr1_ENST00000256646_78	rs746551843	119916544:G>A	6433:C>T	2059:R>2059:C	1	85	True	False	
ENST00000256646	1	protein_coding	HCS__chr1_ENST00000256646_79	VCV002141947	119916556:G>A	6421:C>T	2055:H>2055:Y	1	85	True	False	
ENST00000256646	1	protein_coding	HCS__chr1_ENST00000256646_7a	rs774262327	119916562:T>A	6415:A>T	2053:M>2053:L	1	85	True	False	
ENST00000256646	1	protein_coding	HCS__chr1_ENST00000256646_7b	rs774262327	119916562:T>C	6415:A>G	2053:M>2053:V	1	85	True	False	
ENST00000256646	1	protein_coding	HCS__chr1_ENST00000256646_7c	VCV001928117	119916564:C>T	6413:G>A	2052:R>2052:H	1	85	True	False	
ENST00000256646	1	protein_coding	HCS__chr1_ENST00000256646_7d	rs371060516	119916582:C>T	6395:G>A	2046:R>2046:Q	1	85	True	False	
ENST00000256646	1	protein_coding	HCS__chr1_ENST00000256646_7e	rs140353589	119916583:G>A	6394:C>T	2046:R>2046:W	1	85	True	False	
ENST00000256646	1	protein_coding	HCS__chr1_ENST00000256646_7f	rs140353589	119916583:G>C	6394:C>G	2046:R>2046:G	1	85	True	False	
ENST00000256646	1	protein_coding	HCS__chr1_ENST00000256646_80	rs1223756079	119916593:A>T	6384:T>A	2042:D>2042:E	1	85	True	False	
ENST00000256646	1	protein_coding	HCS__chr1_ENST00000256646_81	rs748876258	119916604:C>T	6373:G>A	2039:D>2039:N	1	85	True	False	
ENST00000256646	1	protein_coding	HCS__chr1_ENST00000256646_82	rs756949183	119916618:T>A	6359:A>T	2034:N>2034:I	1	85	True	False	
ENST00000256646	1	protein_coding	HCS__chr1_ENST00000256646_83	rs756949183	119916618:T>C	6359:A>G	2034:N>2034:S	1	85	True	False	
ENST00000256646	1	protein_coding	HCS__chr1_ENST00000256646_84	rs143236410	119916628:G>T	6349:C>A	2031:H>2031:N	1	85	True	False	
ENST00000256646	1	protein_coding	HCS__chr1_ENST00000256646_85	rs1283460236	119916643:T>C	6334:A>G	2026:K>2026:E	1	85	True	False	
ENST00000256646	1	protein_coding	HCS__chr1_ENST00000256646_86	rs201446896	119916666:C>A	6311:G>T	2018:R>2018:L	1	85	True	False	
ENST00000256646	1	protein_coding	HCS__chr1_ENST00000256646_87	rs201446896	119916666:C>T	6311:G>A	2018:R>2018:Q	1	85	True	False	
ENST00000256646	1	protein_coding	HCS__chr1_ENST00000256646_88	rs1430961661	119916667:G>C	6310:C>G	2018:R>2018:G	1	85	True	False	
ENST00000256646	1	protein_coding	HCS__chr1_ENST00000256646_89	rs886044278	119916670:C>A	6307:G>T	2017:A>2017:S	1	85	True	False	
ENST00000256646	1	protein_coding	HCS__chr1_ENST00000256646_8a	VCV002088549	119917668:G>C	6279:C>G	2007:N>2007:K	1	85	True	False	
ENST00000256646	1	protein_coding	HCS__chr1_ENST00000256646_8b	rs142978073	119917684:C>T	6263:G>A	2002:R>2002:Q	1	85	True	False	
ENST00000256646	1	protein_coding	HCS__chr1_ENST00000256646_8c	rs312262801	119917685:G>T	6262:C>A	2002:R>2002:R	1	85	True	False	
ENST00000256646	1	protein_coding	HCS__chr1_ENST00000256646_8d	rs761367735	119917688:T>C	6259:A>G	2001:N>2001:D	1	85	True	False	
ENST00000256646	1	protein_coding	HCS__chr1_ENST00000256646_8e	VCV002000407	119917705:A>C	6242:T>G	1995:L>1995:W	1	85	True	False	
ENST00000256646	1	protein_coding	HCS__chr1_ENST00000256646_8f	rs779769077	119917715:T>C	6232:A>G	1992:T>1992:A	1	85	True	False	
ENST00000256646	1	protein_coding	HCS__chr1_ENST00000256646_90	VCV002009281	119917741:G>T	6206:C>A	1983:A>1983:E	1	85	True	False	
ENST00000256646	1	protein_coding	HCS__chr1_ENST00000256646_91	rs1553193747	119917747:T>C	6200:A>G	1981:H>1981:R	1	85	True	False	
ENST00000256646	1	protein_coding	HCS__chr1_ENST00000256646_92	rs930621137	119918432:G>A	6158:C>T	1967:A>1967:V	1	85	True	False	
ENST00000256646	1	protein_coding	HCS__chr1_ENST00000256646_93	VCV002040638	119918471:G>A	6119:C>T	1954:A>1954:V	1	85	True	False	
ENST00000256646	1	protein_coding	HCS__chr1_ENST00000256646_94	rs373667418	119918520:C>A	6070:G>T	1938:A>1938:S	1	85	True	False	
ENST00000256646	1	protein_coding	HCS__chr1_ENST00000256646_95	rs748716440	119919362:G>A	5986:C>T	1910:R>1910:C	1	85	True	False	
ENST00000256646	1	protein_coding	HCS__chr1_ENST00000256646_96	rs767105542	119919388:T>C	5960:A>G	1901:D>1901:G	1	85	True	False	
ENST00000256646	1	protein_coding	HCS__chr1_ENST00000256646_97	rs201996575	119919409:C>T	5939:G>A	1894:R>1894:H	1	85	True	False	
ENST00000256646	1	protein_coding	HCS__chr1_ENST00000256646_98	rs753822819	119919410:G>A	5938:C>T	1894:R>1894:C	1	85	True	False	
ENST00000256646	1	protein_coding	HCS__chr1_ENST00000256646_99	rs753822819	119919410:G>T	5938:C>A	1894:R>1894:S	1	85	True	False	
ENST00000256646	1	protein_coding	HCS__chr1_ENST00000256646_9a	rs927740391	119919429:T>TT	5919:A>AA	1887:S>1887:ST(+fs)	1	85	True	False	
ENST00000256646	1	protein_coding	HCS__chr1_ENST00000256646_9b	rs148613210	119919469:C>T	5879:G>A	1874:R>1874:Q	1	85	True	False	
ENST00000256646	1	protein_coding	HCS__chr1_ENST00000256646_9c	rs755328078	119919470:G>A	5878:C>T	1874:R>1874:W	1	85	True	False	
ENST00000256646	1	protein_coding	HCS__chr1_ENST00000256646_9d	rs201094615	119919536:C>G	5812:G>C	1852:D>1852:H	1	85	True	False	
ENST00000256646	1	protein_coding	HCS__chr1_ENST00000256646_9e	rs764518778	119919542:CATCTTCATCTTCATC>CATCTTCATC	5791:GATGAAGATGAAGATG>GATGAAGATG	1845:DEDEDA>1845:DEDA	1	85	True	False	
ENST00000256646	1	protein_coding	HCS__chr1_ENST00000256646_9f	rs762907328	119919570:G>A	5778:C>T	1840:S>1840:S	1	85	True	False	
ENST00000256646	1	protein_coding	HCS__chr1_ENST00000256646_a0	VCV001709642	119919597:C>A	5751:G>T	1831:L>1831:F	1	85	True	False	
ENST00000256646	1	protein_coding	HCS__chr1_ENST00000256646_a1	rs1392588923	119920238:G>A	5725:C>T	1823:R>1823:C	1	85	True	False	
ENST00000256646	1	protein_coding	HCS__chr1_ENST00000256646_a2	rs779369076	119920279:G>A	5684:C>T	1809:P>1809:L	1	85	True	False	
ENST00000256646	1	protein_coding	HCS__chr1_ENST00000256646_a3	rs144085962	119920285:G>A	5678:C>T	1807:T>1807:I	1	85	True	False	
ENST00000256646	1	protein_coding	HCS__chr1_ENST00000256646_a4	rs587736939	119920307:T>C	5656:A>G	1800:R>1800:G	1	85	True	False	
ENST00000256646	1	protein_coding	HCS__chr1_ENST00000256646_a5	rs1450649026	119920310:G>A	5653:C>T	1799:R>1799:C	1	85	True	False	
ENST00000256646	1	protein_coding	HCS__chr1_ENST00000256646_a6	rs749112261	119920313:T>C	5650:A>G	1798:I>1798:V	1	85	True	False	
ENST00000256646	1	protein_coding	HCS__chr1_ENST00000256646_a7	VCV001395289	119920324:T>G	5639:A>C	1794:E>1794:A	1	85	True	False	
ENST00000256646	1	protein_coding	HCS__chr1_ENST00000256646_a8	rs1553193977	119920363:T>-	5600:A>	1781:D>1781:A(+fs)	1	85	True	False	
ENST00000256646	1	protein_coding	HCS__chr1_ENST00000256646_a9	rs754237679	119920373:C>T	5590:G>A	1778:E>1778:K	1	85	True	False	
ENST00000256646	1	protein_coding	HCS__chr1_ENST00000256646_aa	rs1467506544	119921720:T>C	5558:A>G	1767:K>1767:R	1	85	True	False	
ENST00000256646	1	protein_coding	HCS__chr1_ENST00000256646_ab	rs1034013158	119921745:C>T	5533:G>A	1759:D>1759:N	1	85	True	False	
ENST00000256646	1	protein_coding	HCS__chr1_ENST00000256646_ac	rs373166152	119921747:A>G	5531:T>C	1758:V>1758:A	1	85	True	False	
ENST00000256646	1	protein_coding	HCS__chr1_ENST00000256646_ad	rs923129064	119921771:C>T	5507:G>A	1750:G>1750:D	1	85	True	False	
ENST00000256646	1	protein_coding	HCS__chr1_ENST00000256646_ae	rs747138507	119921805:G>A	5473:C>T	1739:L>1739:F	1	85	True	False	
ENST00000256646	1	protein_coding	HCS__chr1_ENST00000256646_af	rs747138507	119921805:G>T	5473:C>A	1739:L>1739:I	1	85	True	False	
ENST00000256646	1	protein_coding	HCS__chr1_ENST00000256646_b0	VCV002189326	119922269:C>A	5435:G>T	1726:R>1726:L	1	85	True	False	
ENST00000256646	1	protein_coding	HCS__chr1_ENST00000256646_b1	rs1557804884	119922272:C>T	5432:G>A	1725:R>1725:H	1	85	True	False	
ENST00000256646	1	protein_coding	HCS__chr1_ENST00000256646_b2	VCV001719698	119922279:G>T	5425:C>A	1723:H>1723:N	1	85	True	False	
ENST00000256646	1	protein_coding	HCS__chr1_ENST00000256646_b3	rs1437895792	119922281:T>C	5423:A>G	1722:N>1722:S	1	85	True	False	
ENST00000256646	1	protein_coding	HCS__chr1_ENST00000256646_b4	rs115013051	119922288:C>T	5416:G>A	1720:A>1720:T	1	85	True	False	
ENST00000256646	1	protein_coding	HCS__chr1_ENST00000256646_b5	rs587737953	119922293:C>T	5411:G>A	1718:R>1718:Q	1	85	True	False	
ENST00000256646	1	protein_coding	HCS__chr1_ENST00000256646_b6	rs774915799	119922296:C>T	5408:G>A	1717:R>1717:H	1	85	True	False	
ENST00000256646	1	protein_coding	HCS__chr1_ENST00000256646_b7	rs1233590749	119922297:G>A	5407:C>T	1717:R>1717:C	1	85	True	False	
ENST00000256646	1	protein_coding	HCS__chr1_ENST00000256646_b8	VCV001998436	119922297:G>C	5407:C>G	1717:R>1717:G	1	85	True	False	
ENST00000256646	1	protein_coding	HCS__chr1_ENST00000256646_b9	rs761415665	119922326:G>A	5378:C>T	1707:S>1707:F	1	85	True	False	
ENST00000256646	1	protein_coding	HCS__chr1_ENST00000256646_ba	rs999822357	119922344:C>T	5360:G>A	1701:R>1701:Q	1	85	True	False	
ENST00000256646	1	protein_coding	HCS__chr1_ENST00000256646_bb	rs999822357	119922344:C>G	5360:G>C	1701:R>1701:P	1	85	True	False	
ENST00000256646	1	protein_coding	HCS__chr1_ENST00000256646_bc	rs143134864	119922375:T>A	5329:A>T	1691:I>1691:F	1	85	True	False	
ENST00000256646	1	protein_coding	HCS__chr1_ENST00000256646_bd	rs143134864	119922375:T>C	5329:A>G	1691:I>1691:V	1	85	True	False	
ENST00000256646	1	protein_coding	HCS__chr1_ENST00000256646_be	rs60854092	119922384:T>A	5320:A>T	1688:I>1688:F	1	85	True	False	
ENST00000256646	1	protein_coding	HCS__chr1_ENST00000256646_bf	rs60854092	119922384:T>C	5320:A>G	1688:I>1688:V	1	85	True	False	
ENST00000256646	1	protein_coding	HCS__chr1_ENST00000256646_c0	rs1345166838	119922418:C>A	5286:G>T	1676:Q>1676:H	1	85	True	False	
ENST00000256646	1	protein_coding	HCS__chr1_ENST00000256646_c1	rs1345166838	119922418:C>G	5286:G>C	1676:Q>1676:H	1	85	True	False	
ENST00000256646	1	protein_coding	HCS__chr1_ENST00000256646_c2	rs372916164	119922425:C>T	5279:G>A	1674:R>1674:H	1	85	True	False	
ENST00000256646	1	protein_coding	HCS__chr1_ENST00000256646_c3	VCV002067558	119922426:G>A	5278:C>T	1674:R>1674:C	1	85	True	False	
ENST00000256646	1	protein_coding	HCS__chr1_ENST00000256646_c4	VCV002097702	119922441:A>G	5263:T>C	1669:S>1669:P	1	85	True	False	
ENST00000256646	1	protein_coding	HCS__chr1_ENST00000256646_c5	rs17024517	119922639:C>A	5254:G>T	1666:V>1666:F	1	85	True	False	
ENST00000256646	1	protein_coding	HCS__chr1_ENST00000256646_c6	rs17024517	119922639:C>T	5254:G>A	1666:V>1666:I	1	85	True	False	
ENST00000256646	1	protein_coding	HCS__chr1_ENST00000256646_c7	rs371812503	119922642:C>T	5251:G>A	1665:V>1665:I	1	85	True	False	
ENST00000256646	1	protein_coding	HCS__chr1_ENST00000256646_c8	rs142462128	119922665:G>A	5228:C>T	1657:T>1657:I	1	85	True	False	
ENST00000256646	1	protein_coding	HCS__chr1_ENST00000256646_c9	VCV002009444	119922668:C>T	5225:G>A	1656:G>1656:E	1	85	True	False	
ENST00000256646	1	protein_coding	HCS__chr1_ENST00000256646_ca	rs1475486687	119922674:A>G	5219:T>C	1654:I>1654:T	1	85	True	False	
ENST00000256646	1	protein_coding	HCS__chr1_ENST00000256646_cb	VCV001509493	119922699:C>A	5194:G>T	1646:A>1646:S	1	85	True	False	
ENST00000256646	1	protein_coding	HCS__chr1_ENST00000256646_cc	rs1441578125	119922715:C>A	5178:G>T	1640:K>1640:N	1	85	True	False	
ENST00000256646	1	protein_coding	HCS__chr1_ENST00000256646_cd	rs148354054	119922716:T>G	5177:A>C	1640:K>1640:T	1	85	True	False	
ENST00000256646	1	protein_coding	HCS__chr1_ENST00000256646_ce	rs116321057	119922741:C>T	5152:G>A	1632:V>1632:I	1	85	True	False	
ENST00000256646	1	protein_coding	HCS__chr1_ENST00000256646_cf	rs112363464	119922745:C>A	5148:G>T	1630:Q>1630:H	1	85	True	False	
ENST00000256646	1	protein_coding	HCS__chr1_ENST00000256646_d0	VCV001399202	119922750:G>A	5143:C>T	1629:R>1629:C	1	85	True	False	
ENST00000256646	1	protein_coding	HCS__chr1_ENST00000256646_d1	VCV002188379	119923650:G>C	5101:C>G	1615:Q>1615:E	1	85	True	False	
ENST00000256646	1	protein_coding	HCS__chr1_ENST00000256646_d2	rs1557805633	119923656:G>T	5095:C>A	1613:Q>1613:K	1	85	True	False	
ENST00000256646	1	protein_coding	HCS__chr1_ENST00000256646_d3	rs587743026	119923718:T>C	5033:A>G	1592:Y>1592:C	1	85	True	False	
ENST00000256646	1	protein_coding	HCS__chr1_ENST00000256646_d4	VCV002125044	119923725:G>A	5026:C>T	1590:P>1590:S	1	85	True	False	
ENST00000256646	1	protein_coding	HCS__chr1_ENST00000256646_d5	rs758032472	119923754:C>T	4997:G>A	1580:R>1580:Q	1	85	True	False	
ENST00000256646	1	protein_coding	HCS__chr1_ENST00000256646_d6	rs779822957	119923755:G>A	4996:C>T	1580:R>1580:W	1	85	True	False	
ENST00000256646	1	protein_coding	HCS__chr1_ENST00000256646_d7	rs751299682	119923763:C>T	4988:G>A	1577:R>1577:H	1	85	True	False	
ENST00000256646	1	protein_coding	HCS__chr1_ENST00000256646_d8	rs775412281	119923764:G>A	4987:C>T	1577:R>1577:C	1	85	True	False	
ENST00000256646	1	protein_coding	HCS__chr1_ENST00000256646_d9	rs552225415	119923797:G>A	4954:C>T	1566:R>1566:W	1	85	True	False	
ENST00000256646	1	protein_coding	HCS__chr1_ENST00000256646_da	rs774541297	119923804:G>A	4947:C>T	1563:S>1563:S	1	85	True	False	
ENST00000256646	1	protein_coding	HCS__chr1_ENST00000256646_db	rs774541297	119923804:G>C	4947:C>G	1563:S>1563:R	1	85	True	False	
ENST00000256646	1	protein_coding	HCS__chr1_ENST00000256646_dc	rs767706572	119923808:C>A	4943:G>T	1562:R>1562:L	1	85	True	False	
ENST00000256646	1	protein_coding	HCS__chr1_ENST00000256646_dd	rs1396873392	119923849:A>C	4902:T>G	1548:I>1548:M	1	85	True	False	
ENST00000256646	1	protein_coding	HCS__chr1_ENST00000256646_de	rs1396873392	119923849:A>G	4902:T>C	1548:I>1548:I	1	85	True	False	
ENST00000256646	1	protein_coding	HCS__chr1_ENST00000256646_df	rs1241715192	119923857:G>C	4894:C>G	1546:L>1546:V	1	85	True	False	
ENST00000256646	1	protein_coding	HCS__chr1_ENST00000256646_e0	rs776462738	119923886:T>G	4865:A>C	1536:D>1536:A	1	85	True	False	
ENST00000256646	1	protein_coding	HCS__chr1_ENST00000256646_e1	rs769513920	119923918:C>A	4833:G>T	1525:E>1525:D	1	85	True	False	
ENST00000256646	1	protein_coding	HCS__chr1_ENST00000256646_e2	VCV002110880	119925338:T>C	4733:A>G	1492:N>1492:S	1	85	True	False	
ENST00000256646	1	protein_coding	HCS__chr1_ENST00000256646_e3	rs771682706	119925362:T>C	4709:A>G	1484:N>1484:S	1	85	True	False	
ENST00000256646	1	protein_coding	HCS__chr1_ENST00000256646_e4	rs886044112	119925422:T>C	4649:A>G	1464:N>1464:S	1	85	True	False	
ENST00000256646	1	protein_coding	HCS__chr1_ENST00000256646_e5	VCV002131737	119925433:G>T	4638:C>A	1460:N>1460:K	1	85	True	False	
ENST00000256646	1	protein_coding	HCS__chr1_ENST00000256646_e6	rs1388647498	119925444:T>C	4627:A>G	1457:T>1457:A	1	85	True	False	
ENST00000256646	1	protein_coding	HCS__chr1_ENST00000256646_e7	VCV001936341	119925458:CCCCC>CC	4609:GGGGG>GG	1451:GG>1451:G	1	85	True	False	
ENST00000256646	1	protein_coding	HCS__chr1_ENST00000256646_e8	rs587650323	119925461:C>T	4610:G>A	1451:G>1451:E	1	85	True	False	
ENST00000256646	1	protein_coding	HCS__chr1_ENST00000256646_e9	VCV001943525	119925462:C>T	4609:G>A	1451:G>1451:R	1	85	True	False	
ENST00000256646	1	protein_coding	HCS__chr1_ENST00000256646_ea	rs1271172639	119925479:T>C	4592:A>G	1445:H>1445:R	1	85	True	False	
ENST00000256646	1	protein_coding	HCS__chr1_ENST00000256646_eb	VCV001446894	119925500:C>T	4571:G>A	1438:C>1438:Y	1	85	True	False	
ENST00000256646	1	protein_coding	HCS__chr1_ENST00000256646_ec	rs745861610	119925504:C>T	4567:G>A	1437:V>1437:I	1	85	True	False	
ENST00000256646	1	protein_coding	HCS__chr1_ENST00000256646_ed	rs747190078	119925512:C>A	4559:G>T	1434:R>1434:L	1	85	True	False	
ENST00000256646	1	protein_coding	HCS__chr1_ENST00000256646_ee	rs747190078	119925512:C>T	4559:G>A	1434:R>1434:Q	1	85	True	False	
ENST00000256646	1	protein_coding	HCS__chr1_ENST00000256646_ef	rs777091426	119925513:G>A	4558:C>T	1434:R>1434:W	1	85	True	False	
ENST00000256646	1	protein_coding	HCS__chr1_ENST00000256646_f0	rs145336945	119925522:C>T	4549:G>A	1431:D>1431:N	1	85	True	False	
ENST00000256646	1	protein_coding	HCS__chr1_ENST00000256646_f1	rs774893514	119925533:T>C	4538:A>G	1427:Q>1427:R	1	85	True	False	
ENST00000256646	1	protein_coding	HCS__chr1_ENST00000256646_f2	VCV001397260	119925540:G>T	4531:C>A	1425:L>1425:M	1	85	True	False	
ENST00000256646	1	protein_coding	HCS__chr1_ENST00000256646_f3	VCV002429285	119925543:A>G	4528:T>C	1424:C>1424:R	1	85	True	False	
ENST00000256646	1	protein_coding	HCS__chr1_ENST00000256646_f4	rs760325217	119925546:T>C	4525:A>G	1423:T>1423:A	1	85	True	False	
ENST00000256646	1	protein_coding	HCS__chr1_ENST00000256646_f5	rs749662461	119925563:G>A	4508:C>T	1417:P>1417:L	1	85	True	False	
ENST00000256646	1	protein_coding	HCS__chr1_ENST00000256646_f6	VCV001720415	119925564:G>A	4507:C>T	1417:P>1417:S	1	85	True	False	
ENST00000256646	1	protein_coding	HCS__chr1_ENST00000256646_f7	rs758275919	119925572:G>A	4499:C>T	1414:T>1414:M	1	85	True	False	
ENST00000256646	1	protein_coding	HCS__chr1_ENST00000256646_f8	VCV002182607	119925573:T>C	4498:A>G	1414:T>1414:A	1	85	True	False	
ENST00000256646	1	protein_coding	HCS__chr1_ENST00000256646_f9	rs41313282	119925578:A>T	4493:T>A	1412:L>1412:H	1	85	True	False	
ENST00000256646	1	protein_coding	HCS__chr1_ENST00000256646_fa	rs202022988	119925587:C>T	4484:G>A	1409:R>1409:H	1	85	True	False	
ENST00000256646	1	protein_coding	HCS__chr1_ENST00000256646_fb	rs145799900	119925588:G>A	4483:C>T	1409:R>1409:C	1	85	True	False	
ENST00000256646	1	protein_coding	HCS__chr1_ENST00000256646_fc	VCV001698674	119925614:T>C	4457:A>G	1400:Q>1400:R	1	85	True	False	
ENST00000256646	1	protein_coding	HCS__chr1_ENST00000256646_fd	VCV001718796	119925629:G>C	4442:C>G	1395:P>1395:R	1	85	True	False	
ENST00000256646	1	protein_coding	HCS__chr1_ENST00000256646_fe	rs760072707	119925639:G>A	4432:C>T	1392:R>1392:C	1	85	True	False	
ENST00000256646	1	protein_coding	HCS__chr1_ENST00000256646_ff	rs760072707	119925639:G>C	4432:C>G	1392:R>1392:G	1	85	True	False	
ENST00000256646	1	protein_coding	HCS__chr1_ENST00000256646_100	rs1649449471	119925642:G>A	4429:C>T	1391:Q>1391:*	1	85	True	False	
ENST00000256646	1	protein_coding	HCS__chr1_ENST00000256646_101	rs373035180	119925647:T>C	4424:A>G	1389:H>1389:R	1	85	True	False	
ENST00000256646	1	protein_coding	HCS__chr1_ENST00000256646_102	rs74522665	119925660:C>T	4411:G>A	1385:G>1385:R	1	85	True	False	
ENST00000256646	1	protein_coding	HCS__chr1_ENST00000256646_103	rs1418033447	119925671:G>T	4400:C>A	1381:P>1381:H	1	85	True	False	
ENST00000256646	1	protein_coding	HCS__chr1_ENST00000256646_104	VCV001424486	119925671:G>C	4400:C>G	1381:P>1381:R	1	85	True	False	
ENST00000256646	1	protein_coding	HCS__chr1_ENST00000256646_105	VCV001939988	119925687:C>T	4384:G>A	1376:G>1376:S	1	85	True	False	
ENST00000256646	1	protein_coding	HCS__chr1_ENST00000256646_106	rs587610159	119925701:C>T	4370:G>A	1371:R>1371:Q	1	85	True	False	
ENST00000256646	1	protein_coding	HCS__chr1_ENST00000256646_107	rs587778575	119925702:G>A	4369:C>T	1371:R>1371:W	1	85	True	False	
ENST00000256646	1	protein_coding	HCS__chr1_ENST00000256646_108	rs951352077	119925722:C>T	4349:G>A	1364:R>1364:H	1	85	True	False	
ENST00000256646	1	protein_coding	HCS__chr1_ENST00000256646_109	rs987757552	119925723:G>A	4348:C>T	1364:R>1364:C	1	85	True	False	
ENST00000256646	1	protein_coding	HCS__chr1_ENST00000256646_10a	rs138567855	119925735:C>T	4336:G>A	1360:A>1360:T	1	85	True	False	
ENST00000256646	1	protein_coding	HCS__chr1_ENST00000256646_10b	rs776129840	119925771:C>T	4300:G>A	1348:V>1348:M	1	85	True	False	
ENST00000256646	1	protein_coding	HCS__chr1_ENST00000256646_10c	VCV001346789	119925777:C>T	4294:G>A	1346:G>1346:R	1	85	True	False	
ENST00000256646	1	protein_coding	HCS__chr1_ENST00000256646_10d	VCV002015161	119925789:GGC>AGA	4280:GCC>TCT	1341:CQ>1341:F*	1	85	True	False	
ENST00000256646	1	protein_coding	HCS__chr1_ENST00000256646_10e	VCV001699062	119925797:G>A	4274:C>T	1339:A>1339:V	1	85	True	False	
ENST00000256646	1	protein_coding	HCS__chr1_ENST00000256646_10f	rs1395799589	119925801:C>T	4270:G>A	1338:G>1338:R	1	85	True	False	
ENST00000256646	1	protein_coding	HCS__chr1_ENST00000256646_110	rs746314617	119926500:G>A	4259:C>T	1334:P>1334:L	1	85	True	False	10.0
ENST00000256646	1	protein_coding	HCS__chr1_ENST00000256646_111	rs772588398	119926503:G>C	4256:C>G	1333:P>1333:R	1	85	True	False	
ENST00000256646	1	protein_coding	HCS__chr1_ENST00000256646_112	VCV002003309	119926507:A>G	4252:T>C	1332:C>1332:R	1	85	True	False	
ENST00000256646	1	protein_coding	HCS__chr1_ENST00000256646_113	rs587609362	119926509:C>T	4250:G>A	1331:R>1331:H	1	85	True	False	
ENST00000256646	1	protein_coding	HCS__chr1_ENST00000256646_114	rs61752484	119926524:T>C	4235:A>G	1326:D>1326:G	1	85	True	False	
ENST00000256646	1	protein_coding	HCS__chr1_ENST00000256646_115	rs1373672479	119926528:G>A	4231:C>T	1325:P>1325:S	1	85	True	False	
ENST00000256646	1	protein_coding	HCS__chr1_ENST00000256646_116	rs1397343979	119926533:T>G	4226:A>C	1323:N>1323:T	1	85	True	False	
ENST00000256646	1	protein_coding	HCS__chr1_ENST00000256646_117	VCV001930697	119926584:A>G	4175:T>C	1306:V>1306:A	1	85	True	False	
ENST00000256646	1	protein_coding	HCS__chr1_ENST00000256646_118	VCV001996175	119926587:T>G	4172:A>C	1305:D>1305:A	1	85	True	False	
ENST00000256646	1	protein_coding	HCS__chr1_ENST00000256646_119	rs116408209	119926588:C>T	4171:G>A	1305:D>1305:N	1	85	True	False	
ENST00000256646	1	protein_coding	HCS__chr1_ENST00000256646_11a	rs587688280	119926591:C>A	4168:G>T	1304:V>1304:F	1	85	True	False	
ENST00000256646	1	protein_coding	HCS__chr1_ENST00000256646_11b	rs587688280	119926591:C>T	4168:G>A	1304:V>1304:I	1	85	True	False	
ENST00000256646	1	protein_coding	HCS__chr1_ENST00000256646_11c	rs587688280	119926591:C>G	4168:G>C	1304:V>1304:L	1	85	True	False	
ENST00000256646	1	protein_coding	HCS__chr1_ENST00000256646_11d	rs1359085444	119926596:G>C	4163:C>G	1302:T>1302:S	1	85	True	False	
ENST00000256646	1	protein_coding	HCS__chr1_ENST00000256646_11e	rs371580595	119926609:G>A	4150:C>T	1298:R>1298:W	1	85	True	False	
ENST00000256646	1	protein_coding	HCS__chr1_ENST00000256646_11f	rs201968231	119928990:C>T	4133:G>A	1292:R>1292:H	1	85	True	False	
ENST00000256646	1	protein_coding	HCS__chr1_ENST00000256646_120	rs75423398	119929089:C>T	4034:G>A	1259:R>1259:H	1	85	True	False	
ENST00000256646	1	protein_coding	HCS__chr1_ENST00000256646_121	rs138832326	119929116:C>A	4007:G>T	1250:R>1250:L	1	85	True	False	
ENST00000256646	1	protein_coding	HCS__chr1_ENST00000256646_122	rs138832326	119929116:C>T	4007:G>A	1250:R>1250:H	1	85	True	False	
ENST00000256646	1	protein_coding	HCS__chr1_ENST00000256646_123	rs782254462	119929167:T>C	3956:A>G	1233:H>1233:R	1	85	True	False	
ENST00000256646	1	protein_coding	HCS__chr1_ENST00000256646_124	rs797044475	119929168:G>A	3955:C>T	1233:H>1233:Y	1	85	True	False	
ENST00000256646	1	protein_coding	HCS__chr1_ENST00000256646_125	rs1318131579	119929170:G>A	3953:C>T	1232:P>1232:L	1	85	True	False	
ENST00000256646	1	protein_coding	HCS__chr1_ENST00000256646_126	rs886044885	119929198:C>T	3925:G>A	1223:E>1223:K	1	85	True	False	
ENST00000256646	1	protein_coding	HCS__chr1_ENST00000256646_127	rs138122751	119935474:C>T	3908:G>A	1217:R>1217:Q	1	85	True	False	12.0
ENST00000256646	1	protein_coding	HCS__chr1_ENST00000256646_128	rs587641573	119935475:G>A	3907:C>T	1217:R>1217:W	1	85	True	False	
ENST00000256646	1	protein_coding	HCS__chr1_ENST00000256646_129	rs147223770	119935502:A>C	3880:T>G	1208:F>1208:V	1	85	True	False	
ENST00000256646	1	protein_coding	HCS__chr1_ENST00000256646_12a	VCV002113351	119935561:T>A	3821:A>T	1188:D>1188:V	1	85	True	False	
ENST00000256646	1	protein_coding	HCS__chr1_ENST00000256646_12b	rs377058108	119935571:A>T	3811:T>A	1185:Y>1185:N	1	85	True	False	
ENST00000256646	1	protein_coding	HCS__chr1_ENST00000256646_12c	VCV001358782	119935600:A>G	3782:T>C	1175:V>1175:A	1	85	True	False	
ENST00000256646	1	protein_coding	HCS__chr1_ENST00000256646_12d	rs782318679	119937284:C>T	3775:G>A	1173:E>1173:K	1	85	True	False	13.0
ENST00000256646	1	protein_coding	HCS__chr1_ENST00000256646_12e	VCV001177430	119937296:C>A	3763:G>T	1169:G>1169:*	1	85	True	False	
ENST00000256646	1	protein_coding	HCS__chr1_ENST00000256646_12f	rs972812498	119937305:A>C	3754:T>G	1166:F>1166:V	1	85	True	False	
ENST00000256646	1	protein_coding	HCS__chr1_ENST00000256646_130	rs919983568	119937311:T>G	3748:A>C	1164:S>1164:R	1	85	True	False	
ENST00000256646	1	protein_coding	HCS__chr1_ENST00000256646_131	rs142876168	119937325:T>C	3734:A>G	1159:H>1159:R	1	85	True	False	
ENST00000256646	1	protein_coding	HCS__chr1_ENST00000256646_132	rs782760871	119937337:T>A	3722:A>T	1155:N>1155:I	1	85	True	False	
ENST00000256646	1	protein_coding	HCS__chr1_ENST00000256646_133	rs782760871	119937337:T>G	3722:A>C	1155:N>1155:T	1	85	True	False	
ENST00000256646	1	protein_coding	HCS__chr1_ENST00000256646_134	rs782760871	119937337:T>C	3722:A>G	1155:N>1155:S	1	85	True	False	
ENST00000256646	1	protein_coding	HCS__chr1_ENST00000256646_135	rs1649892979	119937338:T>C	3721:A>G	1155:N>1155:D	1	85	True	False	
ENST00000256646	1	protein_coding	HCS__chr1_ENST00000256646_136	rs367562640	119937343:G>A	3716:C>T	1153:A>1153:V	1	85	True	False	
ENST00000256646	1	protein_coding	HCS__chr1_ENST00000256646_137	rs782503548	119937353:C>T	3706:G>A	1150:D>1150:N	1	85	True	False	
ENST00000256646	1	protein_coding	HCS__chr1_ENST00000256646_138	rs143866883	119937374:T>C	3685:A>G	1143:S>1143:G	1	85	True	False	
ENST00000256646	1	protein_coding	HCS__chr1_ENST00000256646_139	VCV001457269	119937389:GGGGG>GGGG	3666:CCCCC>CCCC	1136:CPL>1136:CP(+fs)	1	85	True	False	
ENST00000256646	1	protein_coding	HCS__chr1_ENST00000256646_13a	rs1553195867	119937398:G>C	3661:C>G	1135:Q>1135:E	1	85	True	False	
ENST00000256646	1	protein_coding	HCS__chr1_ENST00000256646_13b	rs782078365	119937416:C>T	3643:G>A	1129:G>1129:S	1	85	True	False	
ENST00000256646	1	protein_coding	HCS__chr1_ENST00000256646_13c	rs1649897158	119937421:T>C	3638:A>G	1127:N>1127:S	1	85	True	False	
ENST00000256646	1	protein_coding	HCS__chr1_ENST00000256646_13d	rs781793211	119937457:A>G	3602:T>C	1115:V>1115:A	1	85	True	False	
ENST00000256646	1	protein_coding	HCS__chr1_ENST00000256646_13e	rs781824405	119937875:T>C	3574:A>G	1106:I>1106:V	1	85	True	False	
ENST00000256646	1	protein_coding	HCS__chr1_ENST00000256646_13f	rs782489357	119937887:C>T	3562:G>A	1102:V>1102:I	1	85	True	False	
ENST00000256646	1	protein_coding	HCS__chr1_ENST00000256646_140	rs781872271	119937889:T>C	3560:A>G	1101:N>1101:S	1	85	True	False	
ENST00000256646	1	protein_coding	HCS__chr1_ENST00000256646_141	rs782536553	119937896:C>T	3553:G>A	1099:V>1099:M	1	85	True	False	
ENST00000256646	1	protein_coding	HCS__chr1_ENST00000256646_142	rs368918146	119937959:C>T	3490:G>A	1078:V>1078:I	1	85	True	False	
ENST00000256646	1	protein_coding	HCS__chr1_ENST00000256646_143	VCV001380308	119937970:T>G	3479:A>C	1074:K>1074:T	1	85	True	False	
ENST00000256646	1	protein_coding	HCS__chr1_ENST00000256646_144	rs1649920676	119937985:G>A	3464:C>T	1069:S>1069:F	1	85	True	False	
ENST00000256646	1	protein_coding	HCS__chr1_ENST00000256646_145	rs1649920831	119937986:A>G	3463:T>C	1069:S>1069:P	1	85	True	False	
ENST00000256646	1	protein_coding	HCS__chr1_ENST00000256646_146	rs146014987	119937988:C>T	3461:G>A	1068:R>1068:Q	1	85	True	False	
ENST00000256646	1	protein_coding	HCS__chr1_ENST00000256646_147	rs61752485	119937989:G>A	3460:C>T	1068:R>1068:W	1	85	True	False	
ENST00000256646	1	protein_coding	HCS__chr1_ENST00000256646_148	rs61752485	119937989:G>T	3460:C>A	1068:R>1068:R	1	85	True	False	
ENST00000256646	1	protein_coding	HCS__chr1_ENST00000256646_149	rs1650029261	119940572:T>C	3421:A>G	1055:T>1055:A	1	85	True	False	
ENST00000256646	1	protein_coding	HCS__chr1_ENST00000256646_14a	rs1417119248	119940584:G>C	3409:C>G	1051:P>1051:A	1	85	True	False	
ENST00000256646	1	protein_coding	HCS__chr1_ENST00000256646_14b	rs1417119248	119940584:G>T	3409:C>A	1051:P>1051:T	1	85	True	False	
ENST00000256646	1	protein_coding	HCS__chr1_ENST00000256646_14c	rs142831890	119940595:C>T	3398:G>A	1047:R>1047:H	1	85	True	False	
ENST00000256646	1	protein_coding	HCS__chr1_ENST00000256646_14d	rs782463588	119940629:C>T	3364:G>A	1036:E>1036:K	1	85	True	False	
ENST00000256646	1	protein_coding	HCS__chr1_ENST00000256646_14e	rs781839292	119940635:G>C	3358:C>G	1034:L>1034:V	1	85	True	False	
ENST00000256646	1	protein_coding	HCS__chr1_ENST00000256646_14f	VCV001945776	119940644:G>A	3349:C>T	1031:H>1031:Y	1	85	True	False	
ENST00000256646	1	protein_coding	HCS__chr1_ENST00000256646_150	VCV001720672	119940685:G>T	3308:C>A	1017:T>1017:N	1	85	True	False	
ENST00000256646	1	protein_coding	HCS__chr1_ENST00000256646_151	rs782191722	119940692:C>T	3301:G>A	1015:G>1015:S	1	85	True	False	
ENST00000256646	1	protein_coding	HCS__chr1_ENST00000256646_152	rs782036233	119940724:C>T	3269:G>A	1004:G>1004:E	1	85	True	False	
ENST00000256646	1	protein_coding	HCS__chr1_ENST00000256646_153	rs1430097344	119940727:T>C	3266:A>G	1003:D>1003:G	1	85	True	False	
ENST00000256646	1	protein_coding	HCS__chr1_ENST00000256646_154	VCV001912507	119940730:A>G	3263:T>C	1002:V>1002:A	1	85	True	False	
ENST00000256646	1	protein_coding	HCS__chr1_ENST00000256646_155	rs1403687128	119941559:T>C	3203:A>G	982:H>982:R	1	85	True	False	
ENST00000256646	1	protein_coding	HCS__chr1_ENST00000256646_156	rs992092842	119941562:A>G	3200:T>C	981:V>981:A	1	85	True	False	
ENST00000256646	1	protein_coding	HCS__chr1_ENST00000256646_157	VCV001447406	119941592:G>A	3170:C>T	971:T>971:I	1	85	True	False	
ENST00000256646	1	protein_coding	HCS__chr1_ENST00000256646_158	rs781814476	119941672:C>A	3090:G>T	944:K>944:N	1	85	True	False	
ENST00000256646	1	protein_coding	HCS__chr1_ENST00000256646_159	rs151130105	119941677:C>A	3085:G>T	943:D>943:Y	1	85	True	False	
ENST00000256646	1	protein_coding	HCS__chr1_ENST00000256646_15a	rs372549390	119941683:T>C	3079:A>G	941:T>941:A	1	85	True	False	
ENST00000256646	1	protein_coding	HCS__chr1_ENST00000256646_15b	rs201100122	119941691:G>A	3071:C>T	938:P>938:L	1	85	True	False	
ENST00000256646	1	protein_coding	HCS__chr1_ENST00000256646_15c	VCV001395760	119941713:T>C	3049:A>G	931:T>931:A	1	85	True	False	
ENST00000256646	1	protein_coding	HCS__chr1_ENST00000256646_15d	VCV001392566	119941715:T>C	3047:A>G	930:N>930:S	1	85	True	False	
ENST00000256646	1	protein_coding	HCS__chr1_ENST00000256646_15e	rs199585130	119941722:C>T	3040:G>A	928:G>928:R	1	85	True	False	
ENST00000256646	1	protein_coding	HCS__chr1_ENST00000256646_15f	rs782079844	119941727:A>C	3035:T>G	926:M>926:R	1	85	True	False	
ENST00000256646	1	protein_coding	HCS__chr1_ENST00000256646_160	rs782056928	119948465:G>T	2956:C>A	900:P>900:T	1	85	True	False	
ENST00000256646	1	protein_coding	HCS__chr1_ENST00000256646_161	VCV001460637	119948467:G>A	2954:C>T	899:P>899:L	1	85	True	False	
ENST00000256646	1	protein_coding	HCS__chr1_ENST00000256646_162	rs782108690	119948489:C>T	2932:G>A	892:G>892:S	1	85	True	False	
ENST00000256646	1	protein_coding	HCS__chr1_ENST00000256646_163	rs782147498	119948500:T>C	2921:A>G	888:H>888:R	1	85	True	False	
ENST00000256646	1	protein_coding	HCS__chr1_ENST00000256646_165	rs145079718	119948519:T>C	2902:A>G	882:M>882:V	1	85	True	False	
ENST00000256646	1	protein_coding	HCS__chr1_ENST00000256646_166	rs782728045	119948524:G>A	2897:C>T	880:P>880:L	1	85	True	False	
ENST00000256646	1	protein_coding	HCS__chr1_ENST00000256646_167	rs1004494435	119948530:G>A	2891:C>T	878:S>878:F	1	85	True	False	
ENST00000256646	1	protein_coding	HCS__chr1_ENST00000256646_168	rs782269360	119948560:C>A	2861:G>T	868:R>868:L	1	85	True	False	
ENST00000256646	1	protein_coding	HCS__chr1_ENST00000256646_169	rs782269360	119948560:C>T	2861:G>A	868:R>868:Q	1	85	True	False	
ENST00000256646	1	protein_coding	HCS__chr1_ENST00000256646_16a	VCV001372394	119948564:G>C	2857:C>G	867:Q>867:E	1	85	True	False	
ENST00000256646	1	protein_coding	HCS__chr1_ENST00000256646_16b	VCV001348940	119949018:G>A	2843:C>T	862:P>862:L	1	85	True	False	
ENST00000256646	1	protein_coding	HCS__chr1_ENST00000256646_16c	rs35656321	119949021:G>A	2840:C>T	861:A>861:V	1	85	True	False	
ENST00000256646	1	protein_coding	HCS__chr1_ENST00000256646_16d	rs782798700	119949022:C>A	2839:G>T	861:A>861:S	1	85	True	False	
ENST00000256646	1	protein_coding	HCS__chr1_ENST00000256646_16e	rs200524116	119949028:A>C	2833:T>G	859:L>859:V	1	85	True	False	
ENST00000256646	1	protein_coding	HCS__chr1_ENST00000256646_16f	rs200524116	119949028:A>G	2833:T>C	859:L>859:L	1	85	True	False	
ENST00000256646	1	protein_coding	HCS__chr1_ENST00000256646_170	VCV001699294	119949046:A>G	2815:T>C	853:F>853:L	1	85	True	False	
ENST00000256646	1	protein_coding	HCS__chr1_ENST00000256646_171	rs782520443	119949049:T>C	2812:A>G	852:N>852:D	1	85	True	False	
ENST00000256646	1	protein_coding	HCS__chr1_ENST00000256646_172	rs1553197408	119949088:T>C	2773:A>G	839:N>839:D	1	85	True	False	
ENST00000256646	1	protein_coding	HCS__chr1_ENST00000256646_173	rs376526633	119949105:A>C	2756:T>G	833:L>833:W	1	85	True	False	
ENST00000256646	1	protein_coding	HCS__chr1_ENST00000256646_174	rs782757612	119950763:T>C	2695:A>G	813:I>813:V	1	85	True	False	
ENST00000256646	1	protein_coding	HCS__chr1_ENST00000256646_175	rs782132637	119950822:A>G	2636:T>C	793:V>793:A	1	85	True	False	
ENST00000256646	1	protein_coding	HCS__chr1_ENST00000256646_176	VCV001699130	119953543:C>T	2620:G>A	788:G>788:S	1	85	True	False	20.0
ENST00000256646	1	protein_coding	HCS__chr1_ENST00000256646_177	VCV001523286	119953556:C>A	2607:G>T	783:K>783:N	1	85	True	False	
ENST00000256646	1	protein_coding	HCS__chr1_ENST00000256646_178	VCV001390756	119953569:C>A	2594:G>T	779:R>779:M	1	85	True	False	
ENST00000256646	1	protein_coding	HCS__chr1_ENST00000256646_179	rs1230128244	119953585:G>C	2578:C>G	774:L>774:V	1	85	True	False	
ENST00000256646	1	protein_coding	HCS__chr1_ENST00000256646_17a	VCV002106024	119953587:T>C	2576:A>G	773:N>773:S	1	85	True	False	
ENST00000256646	1	protein_coding	HCS__chr1_ENST00000256646_17b	VCV001930474	119953614:G>A	2549:C>T	764:P>764:L	1	85	True	False	
ENST00000256646	1	protein_coding	HCS__chr1_ENST00000256646_17c	rs782404180	119953616:A>T	2547:T>A	763:N>763:K	1	85	True	False	
ENST00000256646	1	protein_coding	HCS__chr1_ENST00000256646_17d	VCV002200489	119953634:T>G	2529:A>C	757:K>757:N	1	85	True	False	
ENST00000256646	1	protein_coding	HCS__chr1_ENST00000256646_17e	rs782205751	119953635:T>C	2528:A>G	757:K>757:R	1	85	True	False	
ENST00000256646	1	protein_coding	HCS__chr1_ENST00000256646_17f	rs1424360694	119953639:C>G	2524:G>C	756:D>756:H	1	85	True	False	
ENST00000256646	1	protein_coding	HCS__chr1_ENST00000256646_180	rs782424159	119953669:C>T	2494:G>A	746:A>746:T	1	85	True	False	
ENST00000256646	1	protein_coding	HCS__chr1_ENST00000256646_181	VCV001451302	119953672:CACA>CA	2488:TGTG>TG	744:CD>744:*(+fs)	1	85	True	False	
ENST00000256646	1	protein_coding	HCS__chr1_ENST00000256646_182	VCV002013417	119953686:T>C	2477:A>G	740:Y>740:C	1	85	True	False	
ENST00000256646	1	protein_coding	HCS__chr1_ENST00000256646_183	VCV002121579	119953686:T>G	2477:A>C	740:Y>740:S	1	85	True	False	
ENST00000256646	1	protein_coding	HCS__chr1_ENST00000256646_184	rs781963815	119955046:A>G	2468:T>C	737:L>737:P	1	85	True	False	
ENST00000256646	1	protein_coding	HCS__chr1_ENST00000256646_185	rs782070613	119955067:T>C	2447:A>G	730:H>730:R	1	85	True	False	
ENST00000256646	1	protein_coding	HCS__chr1_ENST00000256646_186	rs749662716	119955071:T>C	2443:A>G	729:I>729:V	1	85	True	False	
ENST00000256646	1	protein_coding	HCS__chr1_ENST00000256646_187	rs1046818561	119955093:G>T	2421:C>A	721:N>721:K	1	85	True	False	
ENST00000256646	1	protein_coding	HCS__chr1_ENST00000256646_188	rs1553198249	119955104:A>T	2410:T>A	718:S>718:T	1	85	True	False	
ENST00000256646	1	protein_coding	HCS__chr1_ENST00000256646_189	rs1553198250	119955117:G>C	2397:C>G	713:H>713:Q	1	85	True	False	
ENST00000256646	1	protein_coding	HCS__chr1_ENST00000256646_18a	rs781783067	119955127:C>T	2387:G>A	710:G>710:E	1	85	True	False	
ENST00000256646	1	protein_coding	HCS__chr1_ENST00000256646_18b	rs782066959	119955131:C>T	2383:G>A	709:E>709:K	1	85	True	False	
ENST00000256646	1	protein_coding	HCS__chr1_ENST00000256646_18c	rs781902176	119955145:C>T	2369:G>A	704:R>704:H	1	85	True	False	
ENST00000256646	1	protein_coding	HCS__chr1_ENST00000256646_18d	rs908720175	119955160:C>A	2354:G>T	699:G>699:V	1	85	True	False	
ENST00000256646	1	protein_coding	HCS__chr1_ENST00000256646_18e	rs371567728	119955196:G>A	2318:C>T	687:S>687:F	1	85	True	False	
ENST00000256646	1	protein_coding	HCS__chr1_ENST00000256646_18f	rs74882029	119955217:A>T	2297:T>A	680:I>680:N	1	85	True	False	
ENST00000256646	1	protein_coding	HCS__chr1_ENST00000256646_190	rs1447605154	119959440:T>C	2233:A>G	659:M>659:V	1	85	True	False	
ENST00000256646	1	protein_coding	HCS__chr1_ENST00000256646_191	rs1650853647	119959455:T>C	2218:A>G	654:I>654:V	1	85	True	False	
ENST00000256646	1	protein_coding	HCS__chr1_ENST00000256646_192	rs1553198769	119959461:G>C	2212:C>G	652:P>652:A	1	85	True	False	
ENST00000256646	1	protein_coding	HCS__chr1_ENST00000256646_193	rs1553198769	119959461:G>T	2212:C>A	652:P>652:T	1	85	True	False	
ENST00000256646	1	protein_coding	HCS__chr1_ENST00000256646_194	VCV001445070	119959463:T>A	2210:A>T	651:N>651:I	1	85	True	False	
ENST00000256646	1	protein_coding	HCS__chr1_ENST00000256646_195	VCV002042669	119963655:A>G	2089:T>C	611:Y>611:H	1	85	True	False	
ENST00000256646	1	protein_coding	HCS__chr1_ENST00000256646_196	rs1553199299	119963666:A>G	2078:T>C	607:I>607:T	1	85	True	False	
ENST00000256646	1	protein_coding	HCS__chr1_ENST00000256646_197	VCV001722065	119963672:T>A	2072:A>T	605:D>605:V	1	85	True	False	
ENST00000256646	1	protein_coding	HCS__chr1_ENST00000256646_198	rs140311741	119963685:C>T	2059:G>A	601:A>601:T	1	85	True	False	
ENST00000256646	1	protein_coding	HCS__chr1_ENST00000256646_199	rs782098926	119963691:T>C	2053:A>G	599:M>599:V	1	85	True	False	
ENST00000256646	1	protein_coding	HCS__chr1_ENST00000256646_19a	rs782709024	119963702:T>C	2042:A>G	595:N>595:S	1	85	True	False	
ENST00000256646	1	protein_coding	HCS__chr1_ENST00000256646_19b	rs1651030166	119963714:G>T	2030:C>A	591:T>591:N	1	85	True	False	
ENST00000256646	1	protein_coding	HCS__chr1_ENST00000256646_19c	VCV001715368	119963780:T>A	1964:A>T	569:N>569:I	1	85	True	False	
ENST00000256646	1	protein_coding	HCS__chr1_ENST00000256646_19d	rs782790871	119963801:G>T	1943:C>A	562:T>562:N	1	85	True	False	
ENST00000256646	1	protein_coding	HCS__chr1_ENST00000256646_19e	VCV002010544	119965464:T>C	1925:A>G	556:Q>556:R	1	85	True	False	
ENST00000256646	1	protein_coding	HCS__chr1_ENST00000256646_19f	VCV001068831	119965466:G>T	1923:C>A	555:C>555:*	1	85	True	False	
ENST00000256646	1	protein_coding	HCS__chr1_ENST00000256646_1a0	rs782673217	119965484:G>T	1905:C>A	549:H>549:Q	1	85	True	False	
ENST00000256646	1	protein_coding	HCS__chr1_ENST00000256646_1a1	rs1553199556	119965492:T>C	1897:A>G	547:I>547:V	1	85	True	False	
ENST00000256646	1	protein_coding	HCS__chr1_ENST00000256646_1a2	rs782611145	119965518:G>A	1871:C>T	538:T>538:I	1	85	True	False	
ENST00000256646	1	protein_coding	HCS__chr1_ENST00000256646_1a3	VCV002421762	119966393:T>C	1805:A>G	516:Q>516:R	1	85	True	False	
ENST00000256646	1	protein_coding	HCS__chr1_ENST00000256646_1a4	rs781906256	119966399:C>T	1799:G>A	514:R>514:H	1	85	True	False	
ENST00000256646	1	protein_coding	HCS__chr1_ENST00000256646_1a5	rs34308573	119966402:T>A	1796:A>T	513:N>513:I	1	85	True	False	
ENST00000256646	1	protein_coding	HCS__chr1_ENST00000256646_1a6	rs34308573	119966402:T>C	1796:A>G	513:N>513:S	1	85	True	False	
ENST00000256646	1	protein_coding	HCS__chr1_ENST00000256646_1a7	VCV001354168	119966409:T>C	1789:A>G	511:K>511:E	1	85	True	False	
ENST00000256646	1	protein_coding	HCS__chr1_ENST00000256646_1a8	VCV002015315	119966478:C>T	1720:G>A	488:V>488:M	1	85	True	False	
ENST00000256646	1	protein_coding	HCS__chr1_ENST00000256646_1a9	rs1210547912	119967489:T>C	1652:A>G	465:Q>465:R	1	85	True	False	
ENST00000256646	1	protein_coding	HCS__chr1_ENST00000256646_1aa	rs141935585	119967490:G>T	1651:C>A	465:Q>465:K	1	85	True	False	
ENST00000256646	1	protein_coding	HCS__chr1_ENST00000256646_1ab	VCV001716963	119967499:C>G	1642:G>C	462:D>462:H	1	85	True	False	
ENST00000256646	1	protein_coding	HCS__chr1_ENST00000256646_1ac	rs199565938	119967571:C>T	1570:G>A	438:A>438:T	1	85	True	False	
ENST00000256646	1	protein_coding	HCS__chr1_ENST00000256646_1ad	rs1557825800	119967606:C>T	1535:G>A	426:C>426:Y	1	85	True	False	
ENST00000256646	1	protein_coding	HCS__chr1_ENST00000256646_1ae	rs370349228	119968113:C>T	1483:G>A	409:A>409:T	1	85	True	False	
ENST00000256646	1	protein_coding	HCS__chr1_ENST00000256646_1af	rs370349228	119968113:C>A	1483:G>T	409:A>409:S	1	85	True	False	
ENST00000256646	1	protein_coding	HCS__chr1_ENST00000256646_1b0	VCV001718578	119968128:G>C	1468:C>G	404:Q>404:E	1	85	True	False	
ENST00000256646	1	protein_coding	HCS__chr1_ENST00000256646_1b1	rs374689991	119968203:T>C	1393:A>G	379:I>379:V	1	85	True	False	
ENST00000256646	1	protein_coding	HCS__chr1_ENST00000256646_1b2	VCV002093925	119969514:C>A	1360:G>T	368:A>368:S	1	85	True	False	
ENST00000256646	1	protein_coding	HCS__chr1_ENST00000256646_1b3	VCV002012142	119969543:G>C	1331:C>G	358:S>358:C	1	85	True	False	
ENST00000256646	1	protein_coding	HCS__chr1_ENST00000256646_1b4	rs782154624	119969586:C>T	1288:G>A	344:A>344:T	1	85	True	False	
ENST00000256646	1	protein_coding	HCS__chr1_ENST00000256646_1b5	rs1309062791	119969604:T>C	1270:A>G	338:I>338:V	1	85	True	False	
ENST00000256646	1	protein_coding	HCS__chr1_ENST00000256646_1b6	VCV001708122	119969615:C>T	1259:G>A	334:C>334:Y	1	85	True	False	
ENST00000256646	1	protein_coding	HCS__chr1_ENST00000256646_1b7	rs782747038	119969621:T>A	1253:A>T	332:D>332:V	1	85	True	False	
ENST00000256646	1	protein_coding	HCS__chr1_ENST00000256646_1b8	rs144936899	119969663:T>C	1211:A>G	318:N>318:S	1	85	True	False	
ENST00000256646	1	protein_coding	HCS__chr1_ENST00000256646_1b9	VCV001721202	119969711:A>G	1163:T>C	302:L>302:P	1	85	True	False	
ENST00000256646	1	protein_coding	HCS__chr1_ENST00000256646_1ba	VCV002029083	119969718:C>A	1156:G>T	300:E>300:*	1	85	True	False	
ENST00000256646	1	protein_coding	HCS__chr1_ENST00000256646_1bb	rs369664394	119969738:A>T	1136:T>A	293:F>293:Y	1	85	True	False	
ENST00000256646	1	protein_coding	HCS__chr1_ENST00000256646_1bc	rs372964061	119986975:G>C	1114:C>G	286:P>286:A	1	85	True	False	
ENST00000256646	1	protein_coding	HCS__chr1_ENST00000256646_1bd	rs142614610	119986981:G>A	1108:C>T	284:R>284:C	1	85	True	False	
ENST00000256646	1	protein_coding	HCS__chr1_ENST00000256646_1be	rs1553202300	119987014:C>T	1075:G>A	273:V>273:I	1	85	True	False	
ENST00000256646	1	protein_coding	HCS__chr1_ENST00000256646_1bf	rs1557834076	119987019:C>T	1070:G>A	271:G>271:E	1	85	True	False	
ENST00000256646	1	protein_coding	HCS__chr1_ENST00000256646_1c0	rs1202374604	119987052:A>C	1037:T>G	260:I>260:S	1	85	True	False	
ENST00000256646	1	protein_coding	HCS__chr1_ENST00000256646_1c1	rs1553202314	119987074:C>A	1015:G>T	253:G>253:W	1	85	True	False	
ENST00000256646	1	protein_coding	HCS__chr1_ENST00000256646_1c2	rs1464974590	119997029:C>G	974:G>C	239:G>239:A	1	85	True	False	
ENST00000256646	1	protein_coding	HCS__chr1_ENST00000256646_1c3	rs781850215	119997062:G>T	941:C>A	228:P>228:H	1	85	True	False	
ENST00000256646	1	protein_coding	HCS__chr1_ENST00000256646_1c4	rs143195893	120005472:C>A	527:G>T	90:R>90:L	1	85	True	False	
ENST00000256646	1	protein_coding	HCS__chr1_ENST00000256646_1c5	rs143195893	120005472:C>T	527:G>A	90:R>90:Q	1	85	True	False	
ENST00000256646	1	protein_coding	HCS__chr1_ENST00000256646_1c6	rs61788900	120029924:T>A	392:A>T	45:N>45:I	1	85	True	False	
ENST00000256646	1	protein_coding	HCS__chr1_ENST00000256646_1c7	rs61788900	120029924:T>C	392:A>G	45:N>45:S	1	85	True	False	
ENST00000256646	1	protein_coding	HCS__chr1_ENST00000256646_1c8	rs1174406807	120029976:G>A	340:C>T	28:R>28:*	1	85	True	False	
ENST00000256646	1	protein_coding	HCS__chr1_ENST00000256646_1c9	rs11810554	120069350:G>A	312:C>T	18:C>18:C	1	85	True	False	
ENST00000256646	1	protein_coding	HCS__chr1_ENST00000256646_1ca	rs11810554	120069350:G>C	312:C>G	18:C>18:W	1	85	True	False	
ENST00000652302	1	protein_coding	HCS__chr1_ENST00000652302_0	rs1464974590	119997029:C>G	928:G>C	239:G>239:A	0	70	True	False	
ENST00000652302	1	protein_coding	HCS__chr1_ENST00000652302_1	rs781850215	119997062:G>T	895:C>A	228:P>228:H	0	70	True	False	
ENST00000652302	1	protein_coding	HCS__chr1_ENST00000652302_2	rs143195893	120005472:C>A	481:G>T	90:R>90:L	0	70	True	False	
ENST00000652302	1	protein_coding	HCS__chr1_ENST00000652302_3	rs143195893	120005472:C>T	481:G>A	90:R>90:Q	0	70	True	False	
ENST00000652302	1	protein_coding	HCS__chr1_ENST00000652302_4	rs61788900	120029924:T>A	346:A>T	45:N>45:I	0	70	True	False	
ENST00000652302	1	protein_coding	HCS__chr1_ENST00000652302_5	rs61788900	120029924:T>C	346:A>G	45:N>45:S	0	70	True	False	
ENST00000652302	1	protein_coding	HCS__chr1_ENST00000652302_6	rs1174406807	120029976:G>A	294:C>T	28:R>28:*	0	70	True	False	
ENST00000652302	1	protein_coding	HCS__chr1_ENST00000652302_7	rs11810554	120069350:G>A	266:C>T	18:C>18:C	0	70	True	False	
ENST00000652302	1	protein_coding	HCS__chr1_ENST00000652302_8	rs11810554	120069350:G>C	266:C>G	18:C>18:W	0	70	True	False	
ENST00000652264	1	protein_coding	HCS__chr1_ENST00000652264_0	rs143195893	120005472:C>A	404:G>T	51:R>51:L	1	83	True	False	
ENST00000652264	1	protein_coding	HCS__chr1_ENST00000652264_1	rs143195893	120005472:C>T	404:G>A	51:R>51:Q	1	83	True	False	
ENST00000652264	1	protein_coding	HCS__chr1_ENST00000652264_2	rs61788900	120029924:T>A	269:A>T	6:N>6:I	1	83	True	False	
ENST00000652264	1	protein_coding	HCS__chr1_ENST00000652264_3	rs61788900	120029924:T>C	269:A>G	6:N>6:S	1	83	True	False	
ENST00000652264	1	protein_coding	HCS__chr1_ENST00000652264_4	rs1174406807	120029976:G>A	217:C>T	-11:R>-11:*	1	83	True	False	
ENST00000652737	1	protein_coding	HCS__chr1_ENST00000652737_0	rs61788900	120029924:T>A	348:A>T	6:N>6:I	2	109	True	False	
ENST00000652737	1	protein_coding	HCS__chr1_ENST00000652737_1	rs61788900	120029924:T>C	348:A>G	6:N>6:S	2	109	True	False	
ENST00000652737	1	protein_coding	HCS__chr1_ENST00000652737_2	rs1174406807	120029976:G>A	296:C>T	-11:R>-11:*	2	109	True	False	
ENST00000652737	1	protein_coding	HCS__chr1_ENST00000652737_3	rs11810554	120069350:G>A	276:C>T	-18:A>-18:V	2	109	True	False	
ENST00000652737	1	protein_coding	HCS__chr1_ENST00000652737_4	rs11810554	120069350:G>C	276:C>G	-18:A>-18:G	2	109	True	False	
